Date,Name,Year,Letterboxd URI
2024-12-02,Night Has Fallen,,https://boxd.it/sDwg
2024-12-02,The Hunger Games: The Ballad of Songbirds & Snakes,2023,https://boxd.it/pZCY
2024-12-02,The Suicide Squad,2021,https://boxd.it/fw6O
2024-12-02,The Flash,2023,https://boxd.it/9twC
2024-12-02,Black Adam,2022,https://boxd.it/fup0
2024-12-02,Shazam! Fury of the Gods,2023,https://boxd.it/lV0S
2024-12-02,GoodFellas,1990,https://boxd.it/29FA
2024-12-02,The Shawshank Redemption,1994,https://boxd.it/2aHi
2024-12-02,Titanic,1997,https://boxd.it/2a2k
2024-12-02,Pulp Fiction,1994,https://boxd.it/29Pq
2024-12-02,The Shining,1980,https://boxd.it/29Nu
2024-12-02,Mean Girls,2004,https://boxd.it/1VNg
2024-12-02,La La Land,2016,https://boxd.it/a5fa
2024-12-02,Scarface,1983,https://boxd.it/2b7g
2024-12-02,Terminator 2: Judgment Day,1991,https://boxd.it/2aGY
2024-12-02,Furiosa: A Mad Max Saga,2024,https://boxd.it/tABk
2024-12-02,Mad Max,1979,https://boxd.it/1Y7i
2024-12-02,Mad Max 2,1981,https://boxd.it/1ZPg
2024-12-02,Mad Max Beyond Thunderdome,1985,https://boxd.it/1YTm
2024-12-02,Pirates of the Caribbean: Dead Men Tell No Tales,2017,https://boxd.it/5a9m
2024-12-02,Pirates of the Caribbean: On Stranger Tides,2011,https://boxd.it/27Z4
2024-12-02,Toy Story 4,2019,https://boxd.it/9ALu
2024-12-02,Pirates of the Caribbean: At World's End,2007,https://boxd.it/2aGu
2024-12-02,Pirates of the Caribbean: Dead Man's Chest,2006,https://boxd.it/2bfk
2024-12-02,Pirates of the Caribbean: The Curse of the Black Pearl,2003,https://boxd.it/70G
2024-12-02,National Treasure,2004,https://boxd.it/27x0
2024-12-02,Kung Fu Panda 3,2016,https://boxd.it/4uRQ
2024-12-02,Kung Fu Panda 4,2024,https://boxd.it/CepE
2024-12-02,The Notebook,2004,https://boxd.it/1UNE
2024-12-02,The Terminator,1984,https://boxd.it/2aQY
2024-12-02,Terminator 3: Rise of the Machines,2003,https://boxd.it/2aES
2024-12-02,Terminator Genisys,2015,https://boxd.it/35s0
2024-12-02,Terminator: Dark Fate,2019,https://boxd.it/96YI
2024-12-02,Terminator Salvation,2009,https://boxd.it/2abQ
2024-12-02,The Lost World: Jurassic Park,1997,https://boxd.it/2azS
2024-12-02,Jurassic Park III,2001,https://boxd.it/2azI
2024-12-02,The Breakfast Club,1985,https://boxd.it/27q4
2024-12-02,Creed III,2023,https://boxd.it/pf68
2024-12-02,Rocky III,1982,https://boxd.it/28Tw
2024-12-02,Rocky IV,1985,https://boxd.it/28T2
2024-12-02,Rocky II,1979,https://boxd.it/28Ua
2024-12-02,Rocky V,1990,https://boxd.it/28SS
2024-12-02,Rocky Balboa,2006,https://boxd.it/291q
2024-12-02,Blade Runner,1982,https://boxd.it/2bcA
2024-12-02,Blade Runner 2049,2017,https://boxd.it/b8wK
2024-12-02,Gladiator,2000,https://boxd.it/2b9m
2024-12-02,Gladiator II,2024,https://boxd.it/kqQQ
2024-12-02,300,2006,https://boxd.it/28XI
2024-12-02,Inception,2010,https://boxd.it/1skk
2024-12-02,Braveheart,1995,https://boxd.it/2aTI
2024-12-02,The Lord of the Rings: The Fellowship of the Ring,2001,https://boxd.it/2b5O
2024-12-02,The Lord of the Rings: The Two Towers,2002,https://boxd.it/2b5E
2024-12-02,The Lord of the Rings: The Return of the King,2003,https://boxd.it/2b5u
2024-12-02,The Hobbit: An Unexpected Journey,2012,https://boxd.it/GZk
2024-12-02,The Hobbit: The Desolation of Smaug,2013,https://boxd.it/nmS
2024-12-02,The Hobbit: The Battle of the Five Armies,2014,https://boxd.it/43aU
2024-12-02,The Terminal,2004,https://boxd.it/2a2O
2024-12-02,Jaws,1975,https://boxd.it/2a5e
2024-12-02,Jaws 2,1978,https://boxd.it/2a54
2024-12-02,Jaws 3-D,1983,https://boxd.it/1Idu
2024-12-02,Jaws: The Revenge,1987,https://boxd.it/2a4U
2024-12-02,Meg 2: The Trench,2023,https://boxd.it/mLvo
2024-12-02,The Revenant,2015,https://boxd.it/8H5e
2024-12-02,Inglourious Basterds,2009,https://boxd.it/1JzG
2024-12-02,Donnie Darko,2001,https://boxd.it/2b2A
2024-12-02,The Green Mile,1999,https://boxd.it/2agG
2024-12-02,Ex Machina,2015,https://boxd.it/7T2k
2024-12-02,The Prestige,2006,https://boxd.it/293w
2024-12-02,Grease,1978,https://boxd.it/29YW
2024-12-02,Once Upon a Time... in Hollywood,2019,https://boxd.it/gH0O
2024-12-02,Life of Pi,2012,https://boxd.it/37pC
2024-12-02,Full Metal Jacket,1987,https://boxd.it/2a1Q
2024-12-02,A Beautiful Mind,2001,https://boxd.it/2amk
2024-12-02,Pitch Perfect,2012,https://boxd.it/3OsE
2024-12-02,The Conversation,1974,https://boxd.it/2a38
2024-12-02,Point Break,1991,https://boxd.it/2958
2024-12-02,The Game,1997,https://boxd.it/26vC
2024-12-02,The Fugitive,1993,https://boxd.it/230G
2024-12-02,Quantum of Solace,2008,https://boxd.it/1Vs8
2024-12-02,Casino Royale,2006,https://boxd.it/1alk
2024-12-02,Skyfall,2012,https://boxd.it/17Fc
2024-12-02,Mission: Impossible – The Final Reckoning,2025,https://boxd.it/l7A2
2024-12-02,Mission: Impossible – Dead Reckoning,2023,https://boxd.it/l7zS
2024-12-02,Mission: Impossible – Ghost Protocol,2011,https://boxd.it/psI
2024-12-02,Mission: Impossible III,2006,https://boxd.it/29cI
2024-12-02,Mission: Impossible II,2000,https://boxd.it/29cS
2024-12-02,Mission: Impossible,1996,https://boxd.it/29d2
2024-12-02,RoboCop,1987,https://boxd.it/22Wu
2024-12-02,RoboCop 2,1990,https://boxd.it/22Wk
2024-12-02,RoboCop 3,1993,https://boxd.it/22Wa
2024-12-02,RoboCop,2014,https://boxd.it/3m4k
2024-12-02,The Next Karate Kid,1994,https://boxd.it/1Uja
2024-12-02,The Karate Kid Part II,1986,https://boxd.it/1ZJM
2024-12-02,The Karate Kid Part III,1989,https://boxd.it/1W7q
2024-12-02,Predator,1987,https://boxd.it/2b84
2024-12-02,Jumanji 4,2026,https://boxd.it/M3cu
2024-12-02,The Insider,1999,https://boxd.it/1ZoE
2024-12-02,Planet of the Apes,1968,https://boxd.it/29p8
2024-12-02,Beneath the Planet of the Apes,1970,https://boxd.it/28j4
2024-12-02,Escape from the Planet of the Apes,1971,https://boxd.it/28iK
2024-12-02,Conquest of the Planet of the Apes,1972,https://boxd.it/28iA
2024-12-02,Battle for the Planet of the Apes,1973,https://boxd.it/28gu
2024-12-02,Planet of the Apes,2001,https://boxd.it/29ps
2024-12-02,Mamma Mia!,2008,https://boxd.it/1Tnq
2024-12-02,Mamma Mia! Here We Go Again,2018,https://boxd.it/gnfO
2024-12-02,Sicario,2015,https://boxd.it/8i7u
2024-12-02,Dune,1984,https://boxd.it/29tY
2024-12-02,Zodiac,2007,https://boxd.it/27MO
2024-12-02,The Taking of Pelham One Two Three,1974,https://boxd.it/20lG
2024-12-02,The Butterfly Effect,2004,https://boxd.it/27M0
2024-12-02,Zoolander,2001,https://boxd.it/1YMA
2024-12-02,Zoolander 2,2016,https://boxd.it/aNBE
2024-12-02,American Gangster,2007,https://boxd.it/23wi
2024-12-02,The Devil Wears Prada,2006,https://boxd.it/2awE
2024-12-02,Coneheads,1993,https://boxd.it/1YeS
2024-12-02,Pretty Woman,1990,https://boxd.it/2b6M
2024-12-02,The Hangover,2009,https://boxd.it/1GjK
2024-12-02,The Hangover Part II,2011,https://boxd.it/PZI
2024-12-02,The Hangover Part III,2013,https://boxd.it/3GNY
2024-12-02,Peaceful Warrior,2006,https://boxd.it/1PCw
2024-12-02,Mean Girls,2024,https://boxd.it/p6nO
2024-12-02,Southpaw,2015,https://boxd.it/9Phu
2024-12-02,The Fighter,2010,https://boxd.it/PP4
2024-12-02,Real Steel,2011,https://boxd.it/147m
2024-12-02,The Color of Money,1986,https://boxd.it/1SSM
2024-12-02,Battle of the Sexes,2017,https://boxd.it/cNxw
2024-12-02,Blades of Glory,2007,https://boxd.it/1Xrm
2024-12-02,The Hustler,1961,https://boxd.it/298G
2024-12-02,Mortal Kombat,1995,https://boxd.it/1YZY
2024-12-02,Mortal Kombat: Annihilation,1997,https://boxd.it/1XIW
2024-12-02,Mortal Kombat,2021,https://boxd.it/gswA
2024-12-02,Mortal Kombat II,2025,https://boxd.it/z6iO
2024-12-02,The Mighty Ducks,1992,https://boxd.it/1Wka
2024-12-02,Semi-Pro,2008,https://boxd.it/1Qw0
2024-12-02,Miracle,2004,https://boxd.it/1OmM
2024-12-02,Any Given Sunday,1999,https://boxd.it/1YmC
2024-12-02,The Bad News Bears,1976,https://boxd.it/1zb0
2024-12-02,Borg vs McEnroe,2017,https://boxd.it/dViG
2024-12-02,Radio,2003,https://boxd.it/1P8m
2024-12-02,The Rookie,2002,https://boxd.it/1NGG
2024-12-02,Little Giants,1994,https://boxd.it/1CZs
2024-12-02,Just Wright,2010,https://boxd.it/16MG
2024-12-02,Stephen Curry: Underrated,2023,https://boxd.it/wuUw
2024-12-02,Leatherheads,2008,https://boxd.it/23C6
2024-12-02,The Program,2015,https://boxd.it/8be4
2024-12-03,More than a Game,2008,https://boxd.it/1fNy
2024-12-08,Minority Report,2002,https://boxd.it/2aWi
2024-12-08,12 Angry Men,1957,https://boxd.it/2auI
2024-12-11,Fantasy Football,2022,https://boxd.it/xbzm
2024-12-13,The Ultimate Life,2013,https://boxd.it/5TN2
2024-12-17,The Firm,1993,https://boxd.it/18JY
2024-12-17,World War Z,2013,https://boxd.it/2p2E
2024-12-29,The Expendables,2010,https://boxd.it/1rtA
2024-12-29,The Expendables 2,2012,https://boxd.it/2CPE
2024-12-29,The Expendables 3,2014,https://boxd.it/4rmK
2025-01-09,Everything Everywhere All at Once,2022,https://boxd.it/jUk4
2025-01-09,The Secret Life of Walter Mitty,2013,https://boxd.it/3SWy
2025-01-13,Saturday Night,2010,https://boxd.it/9kwe
2025-02-12,Jerry Maguire,1996,https://boxd.it/1YNS
2025-02-13,G20,2025,https://boxd.it/DAaS
2025-02-16,The Gorge,2025,https://boxd.it/zRqK
2025-03-21,Ballerina,2025,https://boxd.it/jKqG
2025-04-03,Now You See Me: Now You Don't,2025,https://boxd.it/f3i2
2025-04-06,TRON: Ares,2025,https://boxd.it/jqdM
2025-04-24,Trouble with the Curve,2012,https://boxd.it/37pW
2025-05-30,Source Code,2011,https://boxd.it/fdo
2025-06-15,Lucky Number Slevin,2006,https://boxd.it/2aVu
